Time [s],Voltage [V]
0.01,0.6
0.02,0.6
0.03,0.6
0.04,0.6
0.05,0.6
0.06,0.6
0.07,0.6
0.08,0.6
0.09,0.6
0.1,0.6
0.11,0.8
0.12,0.6
0.13,0.6
0.14,0.6
0.15,0.6
0.16,0.8
0.17,0.8
0.18,0.8
0.19,0.6
0.2,0.8
0.21,0.8
0.22,0.8
0.23,0.6
0.24,0.8
0.25,0.8
0.26,0.8
0.27,0.8
0.28,0.8
0.29,0.6
0.3,0.6
0.31,0.8
0.32,0.8
0.33,0.8
0.34,0.8
0.35,0.8
0.36,0.8
0.37,0.8
0.38,0.8
0.39,0.8
0.4,0.8
0.41,0.8
0.42,0.8
0.43,0.8
0.44,0.8
0.45,0.8
0.46,0.8
0.47,0.8
0.48,0.8
0.49,0.8
0.5,0.8
0.51,0.8
0.52,0.8
0.53,0.8
0.54,0.8
0.55,0.8
0.56,0.8
0.57,0.8
0.58,0.8
0.59,0.8
0.6,0.8
0.61,0.8
0.62,0.8
0.63,0.8
0.64,0.8
0.65,0.8
0.66,0.8
0.67,0.8
0.68,0.8
0.69,1
0.7,0.8
0.71,0.8
0.72,0.8
0.73,0.8
0.74,0.8
0.75,0.8
0.76,0.8
0.77,0.8
0.78,0.8
0.79,0.8
0.8,0.8
0.81,0.8
0.82,0.8
0.83,0.8
0.84,1
0.85,0.8
0.86,1
0.87,0.8
0.88,1
0.89,0.8
0.9,1
0.91,1
0.92,0.8
0.93,1
0.94,1
0.95,1
0.96,1
0.97,1
0.98,1
0.99,1
1,1
1.01,1
1.02,1
1.03,1
1.04,1
1.05,1
1.06,1
1.07,1
1.08,1
1.09,1
1.1,1
1.11,1
1.12,1
1.13,1
1.14,1
1.15,1
1.16,1
1.17,1
1.18,1
1.19,1
1.2,1
1.21,1
1.22,1
1.23,1.2
1.24,1.2
1.25,1
1.26,1
1.27,1
1.28,1.2
1.29,1
1.3,1
1.31,1.2
1.32,1
1.33,1
1.34,1
1.35,1
1.36,1.2
1.37,1.2
1.38,1
1.39,1
1.4,1.2
1.41,1
1.42,1.2
1.43,1.2
1.44,1
1.45,1.2
1.46,1.2
1.47,1.2
1.48,1.2
1.49,1.2
1.5,1.2
1.51,1.2
1.52,1.2
1.53,1.2
1.54,1.2
1.55,1
1.56,1.2
1.57,1.2
1.58,1.2
1.59,1.2
1.6,1.2
1.61,1.2
1.62,1.2
1.63,1.2
1.64,1.2
1.65,1.2
1.66,1.2
1.67,1.2
1.68,1.2
1.69,1.2
1.7,1.2
1.71,1.2
1.72,1.2
1.73,1.2
1.74,1.2
1.75,1.2
1.76,1.2
1.77,1.2
1.78,1.2
1.79,1.2
1.8,1.2
1.81,1.2
1.82,1.2
1.83,1.2
1.84,1.4
1.85,1.2
1.86,1.4
1.87,1.4
1.88,1.2
1.89,1.2
1.9,1.2
1.91,1.2
1.92,1.2
1.93,1.2
1.94,1.2
1.95,1.4
1.96,1.2
1.97,1.2
1.98,1.2
1.99,1.2
2,1.2
2.01,1.2
2.02,1.4
2.03,1.2
2.04,1.4
2.05,1.4
2.06,1.4
2.07,1.4
2.08,1.2
2.09,1.4
2.1,1.4
2.11,1.2
2.12,1.4
2.13,1.4
2.14,1.4
2.15,1.4
2.16,1.4
2.17,1.4
2.18,1.4
2.19,1.4
2.2,1.4
2.21,1.4
2.22,1.4
2.23,1.4
2.24,1.4
2.25,1.4
2.26,1.4
2.27,1.4
2.28,1.6
2.29,1.6
2.3,1.4
2.31,1.4
2.32,1.4
2.33,1.4
2.34,1.4
2.35,1.4
2.36,1.4
2.37,1.4
2.38,1.4
2.39,1.6
2.4,1.4
2.41,1.6
2.42,1.4
2.43,1.6
2.44,1.6
2.45,1.4
2.46,1.6
2.47,1.4
2.48,1.4
2.49,1.4
2.5,1.4
2.51,1.6
2.52,1.6
2.53,1.4
2.54,1.6
2.55,1.6
2.56,1.6
2.57,1.4
2.58,1.6
2.59,1.4
2.6,1.6
2.61,1.6
2.62,1.6
2.63,1.6
2.64,1.6
2.65,1.6
2.66,1.6
2.67,1.6
2.68,1.6
2.69,1.6
2.7,1.6
2.71,1.6
2.72,1.6
2.73,1.4
2.74,1.6
2.75,1.6
2.76,1.6
2.77,1.6
2.78,1.6
2.79,1.6
2.8,1.6
2.81,1.6
2.82,1.6
2.83,1.6
2.84,1.6
2.85,1.6
2.86,1.6
2.87,1.6
2.88,1.6
2.89,1.6
2.9,1.6
2.91,1.6
2.92,1.6
2.93,1.6
2.94,1.6
2.95,1.6
2.96,1.6
2.97,1.6
2.98,1.6
2.99,1.6
3,1.6
3.01,1.6
3.02,1.6
3.03,1.8
3.04,1.6
3.05,1.6
3.06,1.6
3.07,1.6
3.08,1.6
3.09,1.6
3.1,1.6
3.11,1.6
3.12,1.6
3.13,1.6
3.14,1.6
3.15,1.6
3.16,1.6
3.17,1.6
3.18,1.6
3.19,1.8
3.2,1.8
3.21,1.6
3.22,1.6
3.23,1.8
3.24,1.8
3.25,1.8
3.26,1.6
3.27,1.8
3.28,1.8
3.29,1.6
3.3,1.8
3.31,1.8
3.32,1.8
3.33,1.6
3.34,1.8
3.35,1.8
3.36,1.6
3.37,1.8
3.38,1.8
3.39,1.8
3.4,1.6
3.41,1.8
3.42,1.8
3.43,1.8
3.44,1.8
3.45,1.8
3.46,1.8
3.47,1.8
3.48,1.8
3.49,1.8
3.5,1.8
3.51,1.8
3.52,1.8
3.53,1.8
3.54,1.8
3.55,2
3.56,1.8
3.57,1.8
3.58,1.8
3.59,1.8
3.6,1.8
3.61,1.8
3.62,1.8
3.63,1.8
3.64,1.8
3.65,1.8
3.66,1.8
3.67,1.8
3.68,1.8
3.69,2
3.7,2
3.71,1.8
3.72,2
3.73,1.8
3.74,1.8
3.75,1.8
3.76,2
3.77,1.8
3.78,2
3.79,1.8
3.8,1.8
3.81,2
3.82,2
3.83,1.8
3.84,2
3.85,2
3.86,2
3.87,2
3.88,2
3.89,2
3.9,2
3.91,2
3.92,2
3.93,2
3.94,2
3.95,2
3.96,2
3.97,2
3.98,2
3.99,2
4,2
4.01,2
4.02,2
4.03,2
4.04,2
4.05,2
4.06,2
4.07,2
4.08,2
4.09,2
4.1,2
4.11,2
4.12,2
4.13,2
4.14,2
4.15,2
4.16,2
4.17,2
4.18,2
4.19,2
4.2,2
4.21,2
4.22,2
4.23,2
4.24,2
4.25,2
4.26,2
4.27,2.2
4.28,2.2
4.29,2
4.3,2
4.31,2
4.32,2
4.33,2.2
4.34,2
4.35,2
4.36,2.2
4.37,2.2
4.38,2
4.39,2.2
4.4,2.2
4.41,2
4.42,2.2
4.43,2
4.44,2.2
4.45,2.2
4.46,2.2
4.47,2.2
4.48,2.2
4.49,2
4.5,2.2
4.51,2.2
4.52,2.2
4.53,2.2
4.54,2.2
4.55,2.2
4.56,2.2
4.57,2.2
4.58,2.2
4.59,2.2
4.6,2.2
4.61,2.2
4.62,2.2
4.63,2.2
4.64,2.2
4.65,2.2
4.66,2.2
4.67,2.2
4.68,2.2
4.69,2.2
4.7,2.2
4.71,2.2
4.72,2.2
4.73,2.2
4.74,2.2
4.75,2.2
4.76,2.2
4.77,2.2
4.78,2.2
4.79,2.2
4.8,2.2
4.81,2.2
4.82,2.2
4.83,2.2
4.84,2.2
4.85,2.4
4.86,2.2
4.87,2.2
4.88,2.2
4.89,2.4
4.9,2.2
4.91,2.4
4.92,2.4
4.93,2.4
4.94,2.4
4.95,2.2
4.96,2.2
4.97,2.2
4.98,2.2
4.99,2.2
5,2.2
5.01,2.4
5.02,2.4
5.03,2.4
5.04,2.2
5.05,2.4
5.06,2.4
5.07,2.4
5.08,2.4
5.09,2.4
5.1,2.4
5.11,2.4
5.12,2.2
5.13,2.4
5.14,2.4
5.15,2.2
5.16,2.2
5.17,2.4
5.18,2.4
5.19,2.4
5.2,2.4
5.21,2.4
5.22,2.4
5.23,2.4
5.24,2.4
5.25,2.4
5.26,2.4
5.27,2.4
5.28,2.4
5.29,2.4
5.3,2.4
5.31,2.4
5.32,2.4
5.33,2.4
5.34,2.4
5.35,2.4
5.36,2.4
5.37,2.4
5.38,2.4
5.39,2.4
5.4,2.4
5.41,2.4
5.42,2.4
5.43,2.4
5.44,2.6
5.45,2.4
5.46,2.4
5.47,2.6
5.48,2.4
5.49,2.6
5.5,2.4
5.51,2.6
5.52,2.4
5.53,2.6
5.54,2.6
5.55,2.6
5.56,2.6
5.57,2.6
5.58,2.6
5.59,2.6
5.6,2.6
5.61,2.6
5.62,2.6
5.63,2.6
5.64,2.6
5.65,2.6
5.66,2.6
5.67,2.6
5.68,2.6
5.69,2.6
5.7,2.6
5.71,2.6
5.72,2.6
5.73,2.6
5.74,2.6
5.75,2.6
5.76,2.6
5.77,2.6
5.78,2.6
5.79,2.6
5.8,2.6
5.81,2.6
5.82,2.6
5.83,2.6
5.84,2.6
5.85,2.6
5.86,2.6
5.87,2.6
5.88,2.6
5.89,2.6
5.9,2.6
5.91,2.6
5.92,2.6
5.93,2.8
5.94,2.6
5.95,2.6
5.96,2.6
5.97,2.8
5.98,2.6
5.99,2.6
6,2.6
6.01,2.6
6.02,2.6
6.03,2.6
6.04,2.6
6.05,2.6
6.06,2.6
6.07,2.6
6.08,2.6
6.09,2.8
6.1,2.8
6.11,2.8
6.12,2.6
6.13,2.6
6.14,2.8
6.15,2.8
6.16,2.6
6.17,2.8
6.18,2.6
6.19,2.6
6.2,2.6
6.21,2.8
6.22,2.8
6.23,2.8
6.24,2.8
6.25,2.8
6.26,2.8
6.27,2.8
6.28,2.8
6.29,2.8
6.3,2.8
6.31,2.8
6.32,2.8
6.33,2.8
6.34,2.8
6.35,2.8
6.36,2.8
6.37,2.8
6.38,2.8
6.39,2.8
6.4,2.8
6.41,2.8
6.42,2.8
6.43,2.8
6.44,2.8
6.45,2.8
6.46,3
6.47,2.8
6.48,2.8
6.49,2.8
6.5,2.8
6.51,2.8
6.52,2.8
6.53,2.8
6.54,2.8
6.55,2.8
6.56,3
6.57,2.8
6.58,3
6.59,2.8
6.6,3
6.61,3
6.62,3
6.63,2.8
6.64,2.8
6.65,2.8
6.66,2.8
6.67,2.8
6.68,3
6.69,3
6.7,3
6.71,3
6.72,2.8
6.73,3
6.74,3
6.75,3
6.76,2.8
6.77,3
6.78,2.8
6.79,3
6.8,3
6.81,3
6.82,3
6.83,3
6.84,3
6.85,3
6.86,3
6.87,3
6.88,3
6.89,3
6.9,3
6.91,3
6.92,3
6.93,3
6.94,3
6.95,3
6.96,3
6.97,3
6.98,3
6.99,3
7,3
7.01,3
7.02,3
7.03,3
7.04,3
7.05,3
7.06,3
7.07,3
7.08,3
7.09,3
7.1,3
7.11,3
7.12,3
7.13,3
7.14,3
7.15,3.2
7.16,3.2
7.17,3
7.18,3
7.19,3.2
7.2,3.2
7.21,3.2
7.22,3.2
7.23,3
7.24,3.2
7.25,3
7.26,3.2
7.27,3.2
7.28,3.2
7.29,3
7.3,3.2
7.31,3.2
7.32,3.2
7.33,3.2
7.34,3.2
7.35,3.2
7.36,3.2
7.37,3.2
7.38,3.2
7.39,3.2
7.4,3.4
7.41,3.2
7.42,3.2
7.43,3.2
7.44,3.2
7.45,3.2
7.46,3.2
7.47,3.2
7.48,3.2
7.49,3.2
7.5,3.2
7.51,3.2
7.52,3.2
7.53,3.2
7.54,3.2
7.55,3.2
7.56,3.2
7.57,3.2
7.58,3.2
7.59,3.2
7.6,3.2
7.61,3.2
7.62,3.2
7.63,3.2
7.64,3
7.65,3.2
7.66,3.2
7.67,3.2
7.68,3.2
7.69,3.2
7.7,3.2
7.71,3.2
7.72,3.2
7.73,3.2
7.74,3.2
7.75,3.2
7.76,3.2
7.77,3.4
7.78,3.4
7.79,3.4
7.8,3.4
7.81,3.4
7.82,3.4
7.83,3.2
7.84,3.4
7.85,3.4
7.86,3.2
7.87,3.4
7.88,3.4
7.89,3.2
7.9,3.2
7.91,3.4
7.92,3.4
7.93,3.4
7.94,3.2
7.95,3.4
7.96,3.4
7.97,3.4
7.98,3.4
7.99,3.4
8,3.4
8.01,3.4
8.02,3.4
8.03,3.4
8.04,3.4
8.05,3.4
8.06,3.4
8.07,3.4
8.08,3.4
8.09,3.4
8.1,3.4
8.11,3.4
8.12,3.4
8.13,3.4
8.14,3.4
8.15,3.4
8.16,3.4
8.17,3.4
8.18,3.4
8.19,3.4
8.2,3.4
8.21,3.4
8.22,3.4
8.23,3.4
8.24,3.4
8.25,3.4
8.26,3.4
8.27,3.4
8.28,3.4
8.29,3.4
8.3,3.4
8.31,3.4
8.32,3.4
8.33,3.4
8.34,3.4
8.35,3.4
8.36,3.4
8.37,3.4
8.38,3.6
8.39,3.4
8.4,3.4
8.41,3.6
8.42,3.4
8.43,3.6
8.44,3.4
8.45,3.6
8.46,3.6
8.47,3.6
8.48,3.6
8.49,3.6
8.5,3.6
8.51,3.6
8.52,3.6
8.53,3.6
8.54,3.4
8.55,3.6
8.56,3.6
8.57,3.6
8.58,3.6
8.59,3.6
8.6,3.6
8.61,3.6
8.62,3.6
8.63,3.6
8.64,3.6
8.65,3.6
8.66,3.6
8.67,3.6
8.68,3.6
8.69,3.6
8.7,3.6
8.71,3.6
8.72,3.6
8.73,3.6
8.74,3.6
8.75,3.6
8.76,3.6
8.77,3.6
8.78,3.6
8.79,3.6
8.8,3.6
8.81,3.6
8.82,3.6
8.83,3.6
8.84,3.6
8.85,3.6
8.86,3.6
8.87,3.6
8.88,3.6
8.89,3.6
8.9,3.6
8.91,3.6
8.92,3.6
8.93,3.6
8.94,3.6
8.95,3.6
8.96,3.8
8.97,3.6
8.98,3.6
8.99,3.6
9,3.6
9.01,3.6
9.02,3.6
9.03,3.8
9.04,3.6
9.05,3.8
9.06,3.6
9.07,3.8
9.08,3.6
9.09,3.8
9.1,3.6
9.11,3.6
9.12,3.6
9.13,3.8
9.14,3.6
9.15,3.8
9.16,3.6
9.17,3.8
9.18,3.8
9.19,3.8
9.2,3.8
9.21,3.8
9.22,3.8
9.23,3.6
9.24,3.8
9.25,3.8
9.26,3.8
9.27,3.8
9.28,3.8
9.29,3.8
9.3,3.8
9.31,3.8
9.32,3.8
9.33,3.8
9.34,3.8
9.35,3.8
9.36,3.8
9.37,3.8
9.38,3.8
9.39,3.8
9.4,3.8
9.41,3.8
9.42,4
9.43,4
9.44,3.8
9.45,3.8
9.46,3.8
9.47,3.8
9.48,3.8
9.49,3.8
9.5,4
9.51,3.8
9.52,3.8
9.53,3.8
9.54,3.8
9.55,4
9.56,3.8
9.57,4
9.58,3.8
9.59,3.8
9.6,4
9.61,4
9.62,3.8
9.63,3.8
9.64,3.8
9.65,4
9.66,3.8
9.67,3.8
9.68,4
9.69,4
9.7,4
9.71,3.8
9.72,4
9.73,4
9.74,4
9.75,4
9.76,4
9.77,4
9.78,4
9.79,4
9.8,4
9.81,4
9.82,4
9.83,4
9.84,4
9.85,4
9.86,4
9.87,4
9.88,4
9.89,4
9.9,4
9.91,4
9.92,4
9.93,4
9.94,4
9.95,4
9.96,4
9.97,4
9.98,4
9.99,4
10,4
10.01,4
10.02,4
10.03,4
10.04,4
10.05,4
10.06,4
10.07,4
10.08,4
10.09,4
10.1,4
10.11,4
10.12,4
10.13,4
10.14,4
10.15,4
10.16,4
10.17,4
10.18,4.2
10.19,4
10.2,4.2
10.21,4
10.22,4
10.23,4.2
10.24,4.2
10.25,4.2
10.26,4.2
10.27,4
10.28,4.2
10.29,4.2
10.3,4
10.31,4.2
10.32,4.2
10.33,4.2
10.34,4
10.35,4
10.36,4.2
10.37,4.2
10.38,4.2
10.39,4.2
10.4,4.2
10.41,4.2
10.42,4
10.43,4.4
10.44,4.2
10.45,4.2
10.46,4.2
10.47,4.2
10.48,4.2
10.49,4.2
10.5,4.2
10.51,4.2
10.52,4.2
10.53,4.2
10.54,4.2
10.55,4.2
10.56,4.2
10.57,4.2
10.58,4.2
10.59,4.4
10.6,4.2
10.61,4.2
10.62,4.2
10.63,4.2
10.64,4.2
10.65,4.2
10.66,4.4
10.67,4.2
10.68,4.2
10.69,4.4
10.7,4.2
10.71,4.2
10.72,4.4
10.73,4.4
10.74,4.4
10.75,4.4
10.76,4.4
10.77,4.4
10.78,4.4
10.79,4.2
10.8,4.4
10.81,4.2
10.82,4.4
10.83,4.4
10.84,4.4
10.85,4.4
10.86,4.4
10.87,4.4
10.88,4.4
10.89,4.4
10.9,4.4
10.91,4.2
10.92,4.4
10.93,4.4
10.94,4.4
10.95,4.4
10.96,4.4
10.97,4.4
10.98,4.4
10.99,4.4
11,4.4
11.01,4.4
11.02,4.4
11.03,4.4
11.04,4.4
11.05,4.4
11.06,4.4
11.07,4.4
11.08,4.4
11.09,4.4
11.1,4.4
11.11,4.4
11.12,4.4
11.13,4.4
11.14,4.4
11.15,4.4
11.16,4.4
11.17,4.4
11.18,4.4
11.19,4.4
11.2,4.4
11.21,4.4
11.22,4.4
11.23,4.4
11.24,4.4
11.25,4.4
11.26,4.4
11.27,4.6
11.28,4.4
11.29,4.4
11.3,4.4
11.31,4.4
11.32,4.4
11.33,4.6
11.34,4.6
11.35,4.6
11.36,4.6
11.37,4.6
11.38,4.6
11.39,4.6
11.4,4.4
11.41,4.6
11.42,4.4
11.43,4.4
11.44,4.6
11.45,4.6
11.46,4.6
11.47,4.6
11.48,4.6
11.49,4.6
11.5,4.6
11.51,4.4
11.52,4.6
11.53,4.6
11.54,4.6
11.55,4.6
11.56,4.6
11.57,4.6
11.58,4.6
11.59,4.6
11.6,4.6
11.61,4.6
11.62,4.6
11.63,4.6
11.64,4.8
11.65,4.6
11.66,4.6
11.67,4.6
11.68,4.6
11.69,4.8
11.7,4.6
11.71,4.6
11.72,4.6
11.73,4.6
11.74,4.6
11.75,4.8
11.76,4.6
11.77,4.8
11.78,4.8
11.79,4.8
11.8,4.6
11.81,4.6
11.82,4.6
11.83,4.8
11.84,4.8
11.85,4.6
11.86,4.8
11.87,4.8
11.88,4.8
11.89,4.8
11.9,4.6
11.91,4.8
11.92,4.6
11.93,4.8
11.94,4.8
11.95,4.8
11.96,4.8
11.97,4.8
11.98,4.8
11.99,4.8
12,4.8
12.01,4.8
12.02,4.8
12.03,4.8
12.04,4.8
12.05,4.8
12.06,4.8
12.07,4.8
12.08,4.8
12.09,4.8
12.1,4.8
12.11,4.8
12.12,4.8
12.13,4.8
12.14,4.8
12.15,4.8
12.16,4.8
12.17,4.8
12.18,4.8
12.19,4.8
12.2,4.8
12.21,4.8
12.22,4.8
12.23,4.8
12.24,4.8
12.25,4.8
12.26,4.8
12.27,4.8
12.28,4.8
12.29,4.8
12.3,4.8
12.31,4.8
12.32,4.8
12.33,4.8
12.34,4.8
12.35,4.8
12.36,4.8
12.37,4.8
12.38,4.8
12.39,4.8
12.4,5
12.41,4.8
12.42,5
12.43,5
12.44,5
12.45,5
12.46,4.8
12.47,5
12.48,4.8
12.49,4.8
12.5,5
12.51,5
12.52,5
12.53,5
12.54,5
12.55,4.8
12.56,5
12.57,5
12.58,5
12.59,5
12.6,5
12.61,5
12.62,5
12.63,5
12.64,5
12.65,5
12.66,5
12.67,5
12.68,5
12.69,5
12.7,5
12.71,5
12.72,5
12.73,5
12.74,5
12.75,5.2
12.76,5
12.77,5
12.78,5
12.79,5
12.8,5
12.81,5
12.82,5
12.83,5
12.84,5
12.85,5
12.86,5
12.87,5
12.88,5
12.89,5
12.9,5
12.91,5
12.92,5.2
12.93,5
12.94,5.2
12.95,5
12.96,5.2
12.97,5
12.98,5.2
12.99,5.2
13,5
13.01,5.2
13.02,5.2
13.03,5.2
13.04,5
13.05,5
13.06,5
13.07,5
13.08,5.2
13.09,5.2
13.1,5.2
13.11,5.2
13.12,5
13.13,5.2
13.14,5.2
13.15,5.2
13.16,5.2
13.17,5.2
13.18,5.2
13.19,5.2
13.2,5.2
13.21,5.2
13.22,5.2
13.23,5.2
13.24,5.2
13.25,5.2
13.26,5.2
13.27,5.2
13.28,5.2
13.29,5.2
13.3,5.2
13.31,5.2
13.32,5.2
13.33,5.2
13.34,5.2
13.35,5.2
13.36,5.2
13.37,5.2
13.38,5.2
13.39,5.2
13.4,5.2
13.41,5.2
13.42,5.2
13.43,5.2
13.44,5.2
13.45,5.2
13.46,5.2
13.47,5.2
13.48,5.2
13.49,5.2
13.5,5.2
13.51,5.4
13.52,5.2
13.53,5.2
13.54,5.4
13.55,5.2
13.56,5.2
13.57,5.2
13.58,5.2
13.59,5.2
13.6,5.2
13.61,5.2
13.62,5.4
13.63,5.2
13.64,5.4
13.65,5.4
13.66,5.2
13.67,5.2
13.68,5.2
13.69,5.4
13.7,5.2
13.71,5.4
13.72,5.4
13.73,5.2
13.74,5.4
13.75,5.4
13.76,5.4
13.77,5.4
13.78,5.4
13.79,5.4
13.8,5.4
13.81,5.4
13.82,5.4
13.83,5.4
13.84,5.4
13.85,5.4
13.86,5.4
13.87,5.2
13.88,5.4
13.89,5.4
13.9,5.2
13.91,5.4
13.92,5.4
13.93,5.4
13.94,5.4
13.95,5.4
13.96,5.4
13.97,5.4
13.98,5.4
13.99,5.4
14,5.4
14.01,5.4
14.02,5.4
14.03,5.4
14.04,5.4
14.05,5.4
14.06,5.4
14.07,5.4
14.08,5.4
14.09,5.4
14.1,5.4
14.11,5.4
14.12,5.4
14.13,5.4
14.14,5.4
14.15,5.4
14.16,5.4
14.17,5.4
14.18,5.4
14.19,5.4
14.2,5.4
14.21,5.6
14.22,5.6
14.23,5.4
14.24,5.6
14.25,5.6
14.26,5.6
14.27,5.6
14.28,5.4
14.29,5.4
14.3,5.6
14.31,5.4
14.32,5.6
14.33,5.6
14.34,5.6
14.35,5.6
14.36,5.4
14.37,5.4
14.38,5.4
14.39,5.6
14.4,5.6
14.41,5.6
14.42,5.6
14.43,5.6
14.44,5.6
14.45,5.6
14.46,5.6
14.47,5.6
14.48,5.6
14.49,5.6
14.5,5.6
14.51,5.6
14.52,5.6
14.53,5.6
14.54,5.4
14.55,5.6
14.56,5.6
14.57,5.6
14.58,5.6
14.59,5.6
14.6,5.6
14.61,5.6
14.62,5.8
14.63,5.6
14.64,5.6
14.65,5.6
14.66,5.6
14.67,5.6
14.68,5.6
14.69,5.6
14.7,5.6
14.71,5.6
14.72,5.6
14.73,5.8
14.74,5.6
14.75,5.6
14.76,5.8
14.77,5.6
14.78,5.6
14.79,5.6
14.8,5.6
14.81,5.6
14.82,5.6
14.83,5.6
14.84,5.6
14.85,5.6
14.86,5.6
14.87,5.8
14.88,5.8
14.89,5.8
14.9,5.6
14.91,5.8
14.92,5.8
14.93,5.8
14.94,5.8
14.95,5.8
14.96,5.6
14.97,5.8
14.98,5.8
14.99,5.8
15,5.8
15.01,5.8
15.02,5.8
15.03,5.8
15.04,5.8
15.05,5.8
15.06,5.8
15.07,5.8
15.08,5.8
15.09,5.8
15.1,5.8
15.11,5.8
15.12,5.8
15.13,5.8
15.14,5.8
15.15,5.8
15.16,5.8
15.17,5.8
15.18,5.8
15.19,5.8
15.2,5.8
15.21,5.8
15.22,5.8
15.23,5.8
15.24,5.8
15.25,5.8
15.26,5.8
15.27,5.8
15.28,5.8
15.29,6
15.3,5.8
15.31,5.8
15.32,6
15.33,5.8
15.34,6
15.35,5.8
15.36,6
15.37,5.8
15.38,6
15.39,6
15.4,5.8
15.41,5.8
15.42,6
15.43,5.8
15.44,5.8
15.45,5.8
15.46,5.8
15.47,6
15.48,6
15.49,5.8
15.5,6
15.51,6
15.52,6
15.53,6
15.54,6
15.55,6
15.56,6
15.57,5.8
15.58,6
15.59,6
15.6,6
15.61,6
15.62,6
15.63,6
15.64,6
15.65,6
15.66,6
15.67,6
15.68,6
15.69,6
15.7,6
15.71,6
15.72,6
15.73,6
15.74,6
15.75,6
15.76,6
15.77,6
15.78,6
15.79,6
15.8,6
15.81,6
15.82,6
15.83,6
15.84,6
15.85,6
15.86,6
15.87,6
15.88,6.2
15.89,6.2
15.9,6.2
15.91,6.2
15.92,6.2
15.93,6.2
15.94,6.2
15.95,6
15.96,6.2
15.97,6.2
15.98,6
15.99,6.2
16,6
16.01,6.2
16.02,6.2
16.03,6.2
16.04,6.2
16.05,6
16.06,6.2
16.07,6.2
16.08,6.2
16.09,6.2
16.1,6.2
16.11,6.2
16.12,6.2
16.13,6.2
16.14,6.2
16.15,6
16.16,6.2
16.17,6.2
16.18,6.2
16.19,6.2
16.2,6.2
16.21,6.2
16.22,6.2
16.23,6.2
16.24,6.2
16.25,6.2
16.26,6.2
16.27,6.2
16.28,6.2
16.29,6.2
16.3,6.4
16.31,6.2
16.32,6.2
16.33,6.2
16.34,6.2
16.35,6.2
16.36,6.2
16.37,6.2
16.38,6.2
16.39,6.2
16.4,6.4
16.41,6.2
16.42,6.2
16.43,6.2
16.44,6.2
16.45,6.2
16.46,6.2
16.47,6.2
16.48,6.2
16.49,6.4
16.5,6.4
16.51,6.4
16.52,6.2
16.53,6.4
16.54,6.2
16.55,6.4
16.56,6.2
16.57,6.4
16.58,6.4
16.59,6.2
16.6,6.2
16.61,6.2
16.62,6.4
16.63,6.2
16.64,6.4
16.65,6.4
16.66,6.4
16.67,6.4
16.68,6.2
16.69,6.2
16.7,6.4
16.71,6.4
16.72,6.4
16.73,6.4
16.74,6.4
16.75,6.4
16.76,6.4
16.77,6.4
16.78,6.4
16.79,6.4
16.8,6.4
16.81,6.4
16.82,6.4
16.83,6.4
16.84,6.4
16.85,6.4
16.86,6.4
16.87,6.4
16.88,6.4
16.89,6.4
16.9,6.4
16.91,6.6
16.92,6.4
16.93,6.6
16.94,6.4
16.95,6.6
16.96,6.4
16.97,6.4
16.98,6.6
16.99,6.6
17,6.6
17.01,6.4
17.02,6.4
17.03,6.4
17.04,6.4
17.05,6.4
17.06,6.6
17.07,6.6
17.08,6.4
17.09,6.6
17.1,6.4
17.11,6.4
17.12,6.6
17.13,6.6
17.14,6.6
17.15,6.6
17.16,6.4
17.17,6.4
17.18,6.6
17.19,6.6
17.2,6.6
17.21,6.6
17.22,6.6
17.23,6.6
17.24,6.6
17.25,6.6
17.26,6.6
17.27,6.4
17.28,6.6
17.29,6.6
17.3,6.6
17.31,6.6
17.32,6.6
17.33,6.6
17.34,6.6
17.35,6.6
17.36,6.6
17.37,6.6
17.38,6.6
17.39,6.6
17.4,6.6
17.41,6.6
17.42,6.6
17.43,6.6
17.44,6.6
17.45,6.6
17.46,6.6
17.47,6.6
17.48,6.6
17.49,6.6
17.5,6.6
17.51,6.6
17.52,6.6
17.53,6.6
17.54,6.6
17.55,6.6
17.56,6.6
17.57,6.6
17.58,6.6
17.59,6.6
17.6,6.8
17.61,6.6
17.62,6.6
17.63,6.6
17.64,6.6
17.65,6.8
17.66,6.6
17.67,6.8
17.68,6.6
17.69,6.8
17.7,6.6
17.71,6.6
17.72,6.6
17.73,6.8
17.74,6.8
17.75,6.6
17.76,6.8
17.77,6.8
17.78,6.8
17.79,6.8
17.8,6.6
17.81,6.8
17.82,6.8
17.83,6.8
17.84,6.8
17.85,6.6
17.86,6.8
17.87,6.8
17.88,6.6
17.89,6.8
17.9,6.8
17.91,6.8
17.92,6.8
17.93,6.8
17.94,6.8
17.95,6.8
17.96,6.8
17.97,6.8
17.98,6.8
17.99,6.8
18,6.8
18.01,6.8
18.02,6.8
18.03,6.8
18.04,6.8
18.05,6.8
18.06,6.8
18.07,6.8
18.08,6.8
18.09,6.8
18.1,6.8
18.11,6.8
18.12,6.8
18.13,6.8
18.14,6.8
18.15,6.8
18.16,7
18.17,6.8
18.18,6.8
18.19,6.8
18.2,7
18.21,6.8
18.22,6.8
18.23,6.8
18.24,6.8
18.25,6.8
18.26,7
18.27,7
18.28,7
18.29,6.8
18.3,7
18.31,7
18.32,7
18.33,7
18.34,7
18.35,7
18.36,7
18.37,7
18.38,7
18.39,7
18.4,7
18.41,7
18.42,7
18.43,6.8
18.44,7
18.45,7
18.46,7
18.47,7
18.48,7
18.49,7
18.5,7
18.51,7
18.52,7
18.53,7
18.54,7
18.55,7
18.56,7
18.57,7
18.58,7
18.59,7
18.6,7
18.61,7
18.62,7
18.63,7
18.64,7
18.65,7
18.66,7
18.67,7
18.68,7
18.69,7
18.7,7
18.71,7
18.72,7
18.73,7
18.74,7
18.75,7
18.76,7
18.77,7
18.78,7
18.79,7
18.8,7
18.81,7
18.82,7
18.83,7.2
18.84,7
18.85,7.2
18.86,7.2
18.87,7.2
18.88,7.2
18.89,7.2
18.9,7.2
18.91,7.2
18.92,7
18.93,7
18.94,7.2
18.95,7.2
18.96,7.2
18.97,7.2
18.98,7.2
18.99,7.2
19,7.2
19.01,7.2
19.02,7.2
19.03,7.2
19.04,7.2
19.05,7.2
,
,
,
,
,
,
,
,
,
,
,
,
,
,
,
,
,
,
,
,
,
,
,
,
,
,
,
,
,
,
,
,
,
,
,
,
,
,
,
,
,
,
,
,
,
,
,
,
,
,
,
,
,
,
,
,
,
,
,
,
,
,
,
,
,
,
,
,
,
,
,
,
,
,
,
,
,
,
,
,
,
,
,
,
,
,
,
,
,
,
,
,
,
,
,
,
,
,
,
,
,
,
,
,
,
,
,
,
,
,
,
,
,
,
,
,
,
,
,
,
,
,
,
,
,
,
,
,
,
,
,
,
,
,
,
,
,
,
,
,
,
,
,
,
,
,
,
,
,
,
,
,
,
,
,
,
,
,
,
,
,
,
,
,
,
,
,
,
,
,
,
,
,
,
,
,
,
,
,
,
,
,
,
,
,
,
,
,
,
,
,
,
,
,
,
,
,
,
,
,
,
,
,
,
,
,
,
,
,
,
,
,
,
,
,
,
,
,
,
,
,
,
,
,
,
,
,
,
,
,
,
,
,
,
,
,
,
,
,
,
,
,
,
,
,
,
,
,
,
,
21.56,-0.4
21.57,-0.4
21.58,-0.6
21.59,-0.6
21.6,-0.4
21.61,-0.6
21.62,-0.6
21.63,-0.4
21.64,-0.6
21.65,-0.6
21.66,-0.4
21.67,-0.4
21.68,-0.4
21.69,-0.4
21.7,-0.4
21.71,-0.4
21.72,-0.4
21.73,-0.4
21.74,-0.4
21.75,-0.4
21.76,-0.4
21.77,-0.6
21.78,-0.4
21.79,-0.4
21.8,-0.4
21.81,-0.4
21.82,-0.4
21.83,-0.4
21.84,-0.6
21.85,-0.4
21.86,-0.4
21.87,-0.4
21.88,-0.4
21.89,-0.4
21.9,-0.4
21.91,-0.4
21.92,-0.4
21.93,-0.4
21.94,-0.4
21.95,-0.4
21.96,-0.4
21.97,-0.4
21.98,-0.4
21.99,-0.2
22,-0.4
22.01,-0.4
22.02,-0.2
22.03,-0.4
22.04,-0.4
22.05,-0.4
22.06,-0.4
22.07,-0.4
22.08,-0.2
22.09,-0.4
22.1,-0.2
22.11,-0.2
22.12,-0.2
22.13,-0.2
22.14,-0.2
22.15,-0.4
22.16,-0.2
22.17,-0.4
22.18,-0.2
22.19,-0.4
22.2,-0.2
22.21,-0.2
22.22,-0.2
22.23,-0.2
22.24,-0.2
22.25,-0.2
22.26,-0.2
22.27,-0.2
22.28,-0.2
22.29,-0.2
22.3,-0.2
22.31,-0.2
22.32,-0.2
22.33,-0.2
22.34,-0.2
22.35,-0.2
22.36,-0.2
22.37,-0.2
22.38,-0.2
22.39,-0.2
22.4,-0.2
22.41,-0.2
22.42,-0.2
22.43,-0.2
22.44,-0.2
22.45,-0.2
22.46,-0.2
22.47,-0.2
22.48,-0.2
22.49,-0.2
22.5,-0.2
22.51,-0.2
22.52,-0.2
22.53,-0.2
22.54,-0.2
22.55,-0.2
22.56,-0.2
22.57,-0.2
22.58,0
22.59,-0.2
22.6,-0.2
22.61,-0.2
22.62,-0.2
22.63,-0.2
22.64,-0.2
22.65,-0.2
22.66,-0.2
22.67,-0.2
22.68,-0.2
22.69,-0.2
22.7,0
22.71,0
22.72,0
22.73,-0.2
22.74,-0.2
22.75,-0.2
22.76,-0.2
22.77,-0.2
22.78,0
22.79,-0.2
22.8,-0.2
22.81,-0.2
22.82,0
22.83,-0.2
22.84,0
22.85,-0.2
22.86,0
22.87,0
22.88,0
22.89,0
22.9,0
22.91,0
22.92,-0.2
22.93,0
22.94,0
22.95,0
22.96,0
22.97,0
22.98,0
22.99,0
23,0
23.01,0
23.02,0
23.03,0
23.04,0
23.05,0
23.06,0
23.07,0
23.08,0
23.09,0
23.1,0
23.11,0
23.12,0
23.13,0
23.14,0
23.15,0
23.16,0
23.17,0
23.18,0
23.19,0
23.2,0
23.21,0
23.22,0
23.23,0
23.24,0
23.25,0
23.26,0
23.27,0
23.28,0
23.29,0
23.3,0.2
23.31,0.2
23.32,0
23.33,0
23.34,0.2
23.35,0
23.36,0
23.37,0
23.38,0
23.39,0
23.4,0.2
23.41,0
23.42,0
23.43,0.2
23.44,0
23.45,0.2
23.46,0.2
23.47,0.2
23.48,0
23.49,0.2
23.5,0.2
23.51,0
23.52,0
23.53,0.2
23.54,0.2
23.55,0.2
23.56,0.2
23.57,0.2
23.58,0.2
23.59,0.2
23.6,0.2
23.61,0
23.62,0.2
23.63,0.2
23.64,0.2
23.65,0.2
23.66,0
23.67,0.2
23.68,0.2
23.69,0.2
23.7,0.2
23.71,0.2
23.72,0.2
23.73,0.2
23.74,0.2
23.75,0.2
23.76,0.2
23.77,0.2
23.78,0.2
23.79,0.2
23.8,0.2
23.81,0.2
23.82,0.2
23.83,0.2
23.84,0.2
23.85,0.2
23.86,0.2
23.87,0.2
23.88,0.2
23.89,0.2
23.9,0.2
23.91,0.2
23.92,0.2
23.93,0.2
23.94,0.2
23.95,0.2
23.96,0.2
23.97,0.2
23.98,0.2
23.99,0.4
24,0.2
24.01,0.4
24.02,0.2
24.03,0.4
24.04,0.2
24.05,0.2
24.06,0.2
24.07,0.4
24.08,0.2
24.09,0.2
24.1,0.4
24.11,0.2
24.12,0.4
24.13,0.2
24.14,0.4
24.15,0.4
24.16,0.4
24.17,0.4
24.18,0.4
24.19,0.4
24.2,0.4
24.21,0.4
24.22,0.4
24.23,0.2
24.24,0.4
24.25,0.4
24.26,0.4
24.27,0.2
24.28,0.4
24.29,0.4
24.3,0.2
24.31,0.4
24.32,0.4
24.33,0.4
24.34,0.4
24.35,0.4
24.36,0.4
24.37,0.4
24.38,0.4
24.39,0.4
24.4,0.4
24.41,0.4
24.42,0.4
24.43,0.4
24.44,0.4
24.45,0.4
24.46,0.4
24.47,0.4
24.48,0.4
24.49,0.4
24.5,0.4
24.51,0.4
24.52,0.4
24.53,0.4
24.54,0.4
24.55,0.4
24.56,0.4
24.57,0.4
24.58,0.4
24.59,0.6
24.6,0.4
24.61,0.4
24.62,0.4
24.63,0.4
24.64,0.4
24.65,0.4
24.66,0.4
24.67,0.4
24.68,0.6
24.69,0.4
24.7,0.6
24.71,0.6
24.72,0.6
24.73,0.4
24.74,0.4
24.75,0.4
24.76,0.4
24.77,0.4
24.78,0.4
24.79,0.4
24.8,0.4
24.81,0.4
24.82,0.6
24.83,0.6
24.84,0.6
24.85,0.6
24.86,0.6
24.87,0.6
24.88,0.6
24.89,0.6
24.9,0.6
24.91,0.6
24.92,0.6
24.93,0.4
24.94,0.6
24.95,0.6
24.96,0.6
24.97,0.6
24.98,0.6
24.99,0.6
